{"count":1,"gauges":{},"self":3.9347908,"total":3.9478104999999997,"children":{"AgentSendState":{"count":171,"self":0.0089915,"total":0.0089915,"children":{"CollectObservations":{"count":35,"self":0,"total":0,"children":null}}},"DecideAction":{"count":171,"self":0.0020280999999999997,"total":0.0020280999999999997,"children":null},"AgentAct":{"count":171,"self":0.0009999,"total":0.0009999,"children":null}}}