{"count":1,"gauges":{"ML-Player-Brain1.CumulativeReward":{"count":34,"max":1,"min":-0.5,"value":-0.5,"weightedAverage":-0.498274863}},"self":95.205580799999993,"total":96.3569642,"children":{"AgentSendState":{"count":4781,"self":0.089529199999999989,"total":0.0944878,"children":{"CollectObservations":{"count":957,"self":0.0049586,"total":0.0049586,"children":null}}},"DecideAction":{"count":4781,"self":0.97789039999999994,"total":0.97789039999999994,"children":null},"AgentAct":{"count":4781,"self":0.0779777,"total":0.0779777,"children":null}}}