{"count":1,"gauges":{"ML-Player-Brain1.CumulativeReward":{"count":3,"max":-0.5,"min":-0.5,"value":-0.5,"weightedAverage":-0.5}},"self":12.9899312,"total":13.012975899999999,"children":{"AgentSendState":{"count":626,"self":0.0080637,"total":0.010084,"children":{"CollectObservations":{"count":126,"self":0.0020203,"total":0.0020203,"children":null}}},"DecideAction":{"count":626,"self":0.0030007,"total":0.0030007,"children":null},"AgentAct":{"count":626,"self":0.0089570999999999991,"total":0.0089570999999999991,"children":null}}}