{"count":1,"gauges":{"ML-Player-Brain1.CumulativeReward":{"count":32,"max":0.5600002,"min":-1.24999952,"value":0.500000238,"weightedAverage":0.488150835}},"self":34.3359072,"total":34.751187,"children":{"AgentSendState":{"count":1709,"self":0.023847999999999998,"total":0.031840799999999995,"children":{"CollectObservations":{"count":342,"self":0.0079928,"total":0.0079928,"children":null}}},"DecideAction":{"count":1709,"self":0.3494246,"total":0.3494246,"children":null},"AgentAct":{"count":1709,"self":0.0330166,"total":0.0330166,"children":null}}}