{"count":1,"gauges":{"ML-Player-Brain1.CumulativeReward":{"count":239,"max":0.976,"min":-1.73399413,"value":-1.108,"weightedAverage":-1.10218561}},"self":91.0645952,"total":91.3645329,"children":{"AgentSendState":{"count":4544,"self":0.1089361,"total":0.1559351,"children":{"CollectObservations":{"count":8181,"self":0.046999,"total":0.046999,"children":null}}},"DecideAction":{"count":4544,"self":0.0219553,"total":0.0219553,"children":null},"AgentAct":{"count":4544,"self":0.12105089999999999,"total":0.12105089999999999,"children":null}}}