{"count":1,"gauges":{"ML-Player-Brain1.CumulativeReward":{"count":29776,"max":0.76,"min":-1.49999928,"value":-1.00999939,"weightedAverage":-0.454834819}},"self":86.7162176,"total":494.51014169999996,"children":{"AgentSendState":{"count":277834,"self":10.3325544,"total":22.162025699999997,"children":{"CollectObservations":{"count":500103,"self":2.5807431999999997,"total":2.5807431999999997,"children":null},"AgentInfo.ToProto":{"count":500103,"self":5.1048148,"total":9.2487284,"children":{"GenerateSensorData":{"count":500103,"self":4.1439135999999994,"total":4.1439135999999994,"children":null}}}}},"DecideAction":{"count":277834,"self":372.927872,"total":372.92787419999996,"children":null},"AgentAct":{"count":277834,"self":11.9215552,"total":12.703024399999999,"children":{"AgentInfo.ToProto":{"count":29776,"self":0.4104404,"total":0.7814694,"children":{"GenerateSensorData":{"count":29776,"self":0.371029,"total":0.371029,"children":null}}}}}}}